<?xml version="1.0" encoding="UTF-8" standalone="yes"?>
<addon id="repository.MiRepo" name="[COLOR lime]Mi Repo[/COLOR]" version="0.0.1" provider-name="Dani">
    <extension point="xbmc.addon.repository" name="Mi Repo">
        <info>https://raw.githubusercontent.com/dan83sama/New/master/Repositorio/addons.xml</info>
        <checksum>https://raw.githubusercontent.com/dan83sama/New/master/Repositorio/addons.xml.md5</checksum>
        <datadir zip="true">https://raw.githubusercontent.com/dan83sama/New/master/Repositorio/</datadir>
    </extension>
    <extension point="xbmc.addon.metadata">
        <summary>Uso Propio</summary>
        <description></description>
        <disclaimer></disclaimer>
        <platform>all</platform>
    </extension>
</addon>
