<?xml version="1.0" encoding="UTF-8"?>
    <addon id="Repo Kodi" name="Repo Kodi" version="0.0.1" provider-name="Dani">
        <requires>
            <import addon="xbmc.addon" version="12.0.0"/>
        </requires>
        <extension point="xbmc.addon.repository" name="Repo Kodi">
            <info compressed="false">https://raw.githubusercontent.com/dan83sama/New/_repo/addons.xml</info>
            <checksum>https://raw.githubusercontent.com/dan83sama/New/_repo/addons.xml.md5</checksum>
            <datadir zip="true">https://raw.githubusercontent.com/dan83sama/New/_repo/</datadir>
            <hashes>false</hashes>
        </extension>
        <extension point="xbmc.addon.metadata">
            <summary>Uso Personal</summary>
            <description>Uso Personal</description>
            <platform>all</platform>
    </extension>
</addon>