{
  "active": true,
  "name": "Mejortorrent",
  "adult": false,
  "categories": [
    "movie",
    "tvshow"
  ],
  "changes": [
    {
      "date": "14/05/2017",
      "description": "Eliminada la necesidad de captcha para el login"
    }
  ],
  "id": "mejortorrent",
  "language": "es",
  "min_version": {
    "main": null,
    "python": null
  },
  "newest": {
    "movie": {
      "action": "newest_movies",
      "url": "http://www.mejortorrent.com/torrents-de-peliculas-hd-alta-definicion.html",
      "content_type": "movies"
    },
    "tvshow": {
      "action": "newest_series",
      "url": "http://www.mejortorrent.com/torrents-de-series-hd-alta-definicion.html",
      "content_type": "tvshows"
    },
    "episode":{
          "action": "newest_series",
          "url": "http://www.mejortorrent.com/torrents-de-series-hd-alta-definicion.html",
          "content_type": "episodes"
        }
  },
  "search": {
    "movie":{
      "action": "movie_search",
      "content_type": "movies"
    },
    "tvshow": {
      "action": "tv_search",
      "content_type": "tvshows"
    }
  },
  "settings": [
    {
      "default": "",
      "enabled": true,
      "id": "user",
      "label": "Usuario:",
      "type": "text",
      "visible": true
    },
    {
      "default": "",
      "enabled": true,
      "hidden": true,
      "id": "password",
      "label": "Contraseña:",
      "type": "text",
      "visible": true
    }
  ],
  "version": 15
}
